{
  "abogado": [
    "whois.nic.abogado"
  ],
  "ac": [
    "whois.nic.ac"
  ],
  "ac.ac": [
    "whois.nic.ac"
  ],
  "ac.at": [
    "whois.nic.at"
  ],
  "ac.be": [
    "whois.dns.be"
  ],
  "ac.cn": [
    "whois.cnnic.net.cn"
  ],
  "ac.il": [
    "whois.isoc.org.il"
  ],
  "ac.in": [],
  "ac.jp": [
    "whois.nic.ad.jp"
  ],
  "ac.ke": [],
  "ac.kr": [
    "whois.nic.or.kr"
  ],
  "ac.nz": [
    "whois.srs.net.nz"
  ],
  "ac.th": [
    "whois.thnic.net"
  ],
  "ac.uk": [
    "whois.ja.net"
  ],
  "ac.za": [
    "whois.co.za"
  ],
  "academy": [
    "whois.donuts.co",
    "whois.nic.academy"
  ],
  "accountants": [
    "whois.nic.accountants",
    "whois.donuts.co"
  ],
  "actor": [
    "whois.nic.actor"
  ],
  "ad": [
    "whois.ripe.net"
  ],
  "adm.br": [
    "whois.nic.br"
  ],
  "adult": [
    "whois.afilias-srs.net"
  ],
  "adv.br": [
    "whois.nic.br"
  ],
  "ae": [
    "whois.aeda.net.ae",
    "whois-check.aeda.net.ae"
  ],
  "aero": [
    "whois.aero"
  ],
  "af": [
    "whois.nic.af"
  ],
  "ag": [
    "whois.nic.ag"
  ],
  "agency": [
    "whois.donuts.co",
    "whois.nic.agency"
  ],
  "agro.pl": [],
  "ah.cn": [
    "whois.cnnic.net.cn"
  ],
  "aid.pl": [
    "whois.dns.pl"
  ],
  "airforce": [
    "whois.nic.airforce"
  ],
  "allfinanz": [
    "whois.ksregistry.net"
  ],
  "alsace": [
    "whois-alsace.nic.fr"
  ],
  "alt.za": [
    "whois.co.za"
  ],
  "am": [
    "whois.nic.am"
  ],
  "am.br": [
    "whois.nic.br"
  ],
  "android": [
    "whois.nic.google",
    "domain-registry-whois.l.google.com"
  ],
  "apartments": [
    "whois.nic.apartments",
    "whois.donuts.co"
  ],
  "aquarelle": [
    "whois-aquarelle.nic.fr"
  ],
  "archi": [
    "whois.ksregistry.net",
    "whois.afilias.net"
  ],
  "army": [
    "whois.nic.army"
  ],
  "arq.br": [
    "whois.nic.br"
  ],
  "art.br": [
    "whois.nic.br"
  ],
  "arts.ro": [
    "whois.rotld.ro"
  ],
  "as": [
    "whois.nic.as"
  ],
  "asia": [
    "whois.nic.asia"
  ],
  "asn.au": [
    "whois.aunic.net"
  ],
  "asso.fr": [
    "whois.nic.fr"
  ],
  "asso.mc": [
    "whois.ripe.net"
  ],
  "associates": [
    "whois.nic.associates",
    "whois.donuts.co"
  ],
  "at": [
    "whois.nic.at"
  ],
  "atm.pl": [
    "whois.dns.pl"
  ],
  "attorney": [
    "whois.nic.attorney"
  ],
  "au": [
    "whois.audns.net.au",
    "whois.auda.org.au"
  ],
  "auction": [
    "whois.nic.auction"
  ],
  "audio": [
    "whois.uniregistry.net"
  ],
  "auto.pl": [
    "whois.dns.pl"
  ],
  "aw": [
    "whois.nic.aw"
  ],
  "ax": [
    "whois.ax"
  ],
  "band": [
    "whois.nic.band"
  ],
  "bank": [
    "whois.nic.bank"
  ],
  "bar": [
    "whois.nic.bar"
  ],
  "barclaycard": [
    "whois.nic.barclaycard"
  ],
  "barclays": [
    "whois.nic.barclays"
  ],
  "bargains": [
    "whois.donuts.co",
    "whois.nic.bargains"
  ],
  "bayern": [
    "whois.nic.bayern"
  ],
  "bbs.tr": [
    "whois.metu.edu.tr"
  ],
  "be": [
    "whois.dns.be"
  ],
  "beer": [
    "whois.nic.beer"
  ],
  "berlin": [
    "whois.nic.berlin"
  ],
  "best": [
    "whois.nic.best"
  ],
  "bg": [
    "whois.register.bg"
  ],
  "bi": [
    "whois1.nic.bi"
  ],
  "bike": [
    "whois.nic.bike",
    "whois.donuts.co"
  ],
  "bingo": [
    "whois.donuts.co",
    "whois.nic.bingo"
  ],
  "bio": [
    "whois.ksregistry.net",
    "whois.afilias.net"
  ],
  "bio.br": [
    "whois.nic.br"
  ],
  "biz": [
    "whois.biz",
    "whois.nic.biz"
  ],
  "biz.pl": [
    "whois.dns.pl"
  ],
  "bj": [
    "whois.nic.bj"
  ],
  "bj.cn": [
    "whois.cnnic.net.cn"
  ],
  "black": [
    "whois.afilias.net"
  ],
  "blackfriday": [
    "whois.uniregistry.net"
  ],
  "blue": [
    "whois.afilias.net"
  ],
  "bmw": [
    "whois.ksregistry.net"
  ],
  "bnpparibas": [
    "whois.afilias-srs.net"
  ],
  "boo": [
    "whois.nic.google",
    "domain-registry-whois.l.google.com"
  ],
  "boutique": [
    "whois.donuts.co",
    "whois.nic.boutique"
  ],
  "br": [
    "whois.registro.br",
    "whois.nic.br"
  ],
  "br.com": [
    "whois.centralnic.com"
  ],
  "brussels": [
    "whois.nic.brussels"
  ],
  "budapest": [],
  "build": [
    "whois.nic.build"
  ],
  "builders": [
    "whois.nic.builders",
    "whois.donuts.co"
  ],
  "business": [
    "whois.nic.business",
    "whois.donuts.co"
  ],
  "bw": [
    "whois.nic.net.bw"
  ],
  "by": [
    "whois.cctld.by"
  ],
  "bz": [
    "whois.afilias-grs.info",
    "whois.afilias-grs.info."
  ],
  "bzh": [
    "whois-bzh.nic.fr",
    "whois.nic.bzh"
  ],
  "ca": [
    "whois.cira.ca"
  ],
  "cab": [
    "whois.donuts.co",
    "whois.nic.cab"
  ],
  "cal": [
    "whois.nic.google",
    "domain-registry-whois.l.google.com"
  ],
  "camera": [
    "whois.nic.camera",
    "whois.donuts.co"
  ],
  "camp": [
    "whois.donuts.co",
    "whois.nic.camp"
  ],
  "cancerresearch": [
    "whois.nic.cancerresearch"
  ],
  "canon": [
    "whois.nic.canon"
  ],
  "capetown": [
    "capetown-whois.registry.net.za"
  ],
  "capital": [
    "whois.donuts.co",
    "whois.nic.capital"
  ],
  "cards": [
    "whois.nic.cards",
    "whois.donuts.co"
  ],
  "care": [
    "whois.nic.care",
    "whois.donuts.co"
  ],
  "career": [
    "whois.nic.career"
  ],
  "careers": [
    "whois.nic.careers",
    "whois.donuts.co"
  ],
  "casa": [
    "whois.nic.casa"
  ],
  "cash": [
    "whois.nic.cash",
    "whois.donuts.co"
  ],
  "casino": [
    "whois.donuts.co",
    "whois.nic.casino"
  ],
  "cat": [
    "whois.nic.cat",
    "whois.cat"
  ],
  "catering": [
    "whois.nic.catering",
    "whois.donuts.co"
  ],
  "cc": [
    "whois.nic.cc",
    "ccwhois.verisign-grs.com"
  ],
  "cd": [],
  "center": [
    "whois.nic.center",
    "whois.donuts.co"
  ],
  "ceo": [
    "whois.nic.ceo"
  ],
  "cern": [
    "whois.afilias-srs.net"
  ],
  "cf": [
    "whois.dot.cf"
  ],
  "ch": [
    "whois.nic.ch"
  ],
  "channel": [
    "whois.nic.google",
    "domain-registry-whois.l.google.com"
  ],
  "chat": [
    "whois.donuts.co",
    "whois.nic.chat"
  ],
  "cheap": [
    "whois.nic.cheap",
    "whois.donuts.co"
  ],
  "christmas": [
    "whois.uniregistry.net"
  ],
  "chrome": [
    "whois.nic.google",
    "domain-registry-whois.l.google.com"
  ],
  "church": [
    "whois.donuts.co"
  ],
  "ci": [
    "whois.nic.ci"
  ],
  "city": [
    "whois.nic.city",
    "whois.donuts.co"
  ],
  "cl": [
    "whois.nic.cl"
  ],
  "claims": [
    "whois.nic.claims",
    "whois.donuts.co"
  ],
  "cleaning": [
    "whois.nic.cleaning",
    "whois.donuts.co"
  ],
  "click": [
    "whois.uniregistry.net"
  ],
  "clinic": [
    "whois.nic.clinic",
    "whois.donuts.co"
  ],
  "clothing": [
    "whois.nic.clothing",
    "whois.donuts.co"
  ],
  "club": [
    "whois.nic.club"
  ],
  "cn": [
    "whois.cnnic.net.cn",
    "whois.cnnic.cn"
  ],
  "cn.com": [
    "whois.centralnic.com"
  ],
  "cng.br": [
    "whois.nic.br"
  ],
  "cnt.br": [
    "whois.nic.br"
  ],
  "co": [
    "whois.nic.co"
  ],
  "co.ac": [
    "whois.nic.ac"
  ],
  "co.at": [
    "whois.nic.at"
  ],
  "co.il": [
    "whois.isoc.org.il"
  ],
  "co.in": [],
  "co.jp": [
    "whois.nic.ad.jp"
  ],
  "co.ke": [],
  "co.kr": [
    "whois.nic.or.kr"
  ],
  "co.nz": [
    "whois.srs.net.nz"
  ],
  "co.rs": [
    "whois.rnids.rs"
  ],
  "co.th": [
    "whois.thnic.net"
  ],
  "co.uk": [
    "whois.nic.uk"
  ],
  "co.ve": [],
  "co.za": [
    "coza-whois.registry.net.za"
  ],
  "coach": [
    "whois.nic.coach",
    "whois.donuts.co"
  ],
  "codes": [
    "whois.nic.codes",
    "whois.donuts.co"
  ],
  "coffee": [
    "whois.nic.coffee",
    "whois.donuts.co"
  ],
  "college": [
    "whois.nic.college"
  ],
  "cologne": [
    "whois.ryce-rsp.com"
  ],
  "com": [
    "whois.crsnic.net",
    "whois.verisign-grs.com"
  ],
  "com.au": [
    "whois.aunic.net"
  ],
  "com.br": [
    "whois.nic.br"
  ],
  "com.cn": [
    "whois.cnnic.net.cn"
  ],
  "com.co": [
    "whois.nic.co"
  ],
  "com.de": [
    "whois.centralnic.com"
  ],
  "com.ec": [],
  "com.fr": [
    "whois.nic.fr"
  ],
  "com.gr": [],
  "com.gt": [],
  "com.hk": [
    "whois.hkdnr.net.hk"
  ],
  "com.mm": [],
  "com.mx": [],
  "com.my": [],
  "com.ph": [],
  "com.pl": [
    "whois.dns.pl"
  ],
  "com.pt": [],
  "com.ro": [
    "whois.rotld.ro"
  ],
  "com.ru": [
    "whois.ripn.net"
  ],
  "com.sg": [
    "whois.nic.net.sg"
  ],
  "com.tr": [
    "whois.metu.edu.tr"
  ],
  "com.tw": [
    "whois.twnic.net"
  ],
  "com.ua": [
    "whois.net.ua"
  ],
  "com.ve": [],
  "community": [
    "whois.nic.community",
    "whois.donuts.co"
  ],
  "company": [
    "whois.donuts.co",
    "whois.nic.company"
  ],
  "computer": [
    "whois.nic.computer",
    "whois.donuts.co"
  ],
  "condos": [
    "whois.nic.condos",
    "whois.donuts.co"
  ],
  "construction": [
    "whois.nic.construction",
    "whois.donuts.co"
  ],
  "consulting": [
    "whois.nic.consulting"
  ],
  "contractors": [
    "whois.nic.contractors",
    "whois.donuts.co"
  ],
  "cooking": [
    "whois.nic.cooking"
  ],
  "cool": [
    "whois.nic.cool",
    "whois.donuts.co"
  ],
  "coop": [
    "whois.nic.coop"
  ],
  "country": [
    "whois.uniregistry.net"
  ],
  "courses": [],
  "cq.cn": [
    "whois.cnnic.net.cn"
  ],
  "credit": [
    "whois.donuts.co",
    "whois.nic.credit"
  ],
  "creditcard": [
    "whois.nic.creditcard",
    "whois.donuts.co"
  ],
  "cricket": [
    "whois.nic.cricket"
  ],
  "cruises": [
    "whois.nic.cruises",
    "whois.donuts.co"
  ],
  "cuisinella": [
    "whois.nic.cuisinella"
  ],
  "cx": [
    "whois.nic.cx"
  ],
  "cymru": [
    "whois.nic.cymru"
  ],
  "cz": [
    "whois.nic.cz"
  ],
  "dad": [
    "domain-registry-whois.l.google.com"
  ],
  "dance": [
    "whois.nic.dance"
  ],
  "dating": [
    "whois.nic.dating",
    "whois.donuts.co"
  ],
  "datsun": [
    "whois.nic.gmo"
  ],
  "day": [
    "whois.nic.google",
    "domain-registry-whois.l.google.com"
  ],
  "dclk": [
    "whois.nic.google",
    "domain-registry-whois.l.google.com"
  ],
  "de": [
    "whois.denic.de"
  ],
  "deals": [
    "whois.nic.deals",
    "whois.donuts.co"
  ],
  "degree": [
    "whois.nic.degree"
  ],
  "delivery": [
    "whois.donuts.co",
    "whois.nic.delivery"
  ],
  "democrat": [
    "whois.nic.democrat"
  ],
  "dental": [
    "whois.nic.dental",
    "whois.donuts.co"
  ],
  "dentist": [
    "whois.nic.dentist"
  ],
  "desi": [
    "whois.ksregistry.net"
  ],
  "design": [
    "whois.nic.design"
  ],
  "dev": [
    "whois.nic.google",
    "domain-registry-whois.l.google.com"
  ],
  "diamonds": [
    "whois.nic.diamonds",
    "whois.donuts.co"
  ],
  "diet": [
    "whois.uniregistry.net"
  ],
  "digital": [
    "whois.donuts.co",
    "whois.nic.digital"
  ],
  "direct": [
    "whois.nic.direct",
    "whois.donuts.co"
  ],
  "directory": [
    "whois.donuts.co",
    "whois.nic.directory"
  ],
  "discount": [
    "whois.nic.discount",
    "whois.donuts.co"
  ],
  "dk": [
    "whois.dk-hostmaster.dk"
  ],
  "dm": [
    "whois.nic.dm"
  ],
  "dn.ua": [
    "whois.net.ua"
  ],
  "docs": [
    "whois.nic.google",
    "domain-registry-whois.l.google.com"
  ],
  "domains": [
    "whois.nic.domains",
    "whois.donuts.co"
  ],
  "doosan": [
    "whois.nic.xn--cg4bki"
  ],
  "durban": [
    "durban-whois.registry.net.za"
  ],
  "dvag": [
    "whois.ksregistry.net"
  ],
  "dz": [
    "whois.nic.dz"
  ],
  "eat": [
    "whois.nic.google",
    "domain-registry-whois.l.google.com"
  ],
  "ec": [],
  "ecn.br": [
    "whois.nic.br"
  ],
  "edu": [
    "whois.educause.edu",
    "whois.internic.net"
  ],
  "edu.au": [
    "whois.aunic.net"
  ],
  "edu.cn": [
    "whois.cnnic.net.cn"
  ],
  "edu.gr": [],
  "edu.gt": [],
  "edu.hk": [
    "whois.hkdnr.net.hk"
  ],
  "edu.mm": [],
  "edu.mx": [],
  "edu.my": [],
  "edu.pl": [
    "whois.dns.pl"
  ],
  "edu.pt": [],
  "edu.rs": [
    "whois.rnids.rs"
  ],
  "edu.sg": [
    "whois.nic.net.sg"
  ],
  "edu.tr": [
    "whois.metu.edu.tr"
  ],
  "edu.za": [
    "whois.co.za"
  ],
  "education": [
    "whois.donuts.co",
    "whois.nic.education"
  ],
  "ee": [
    "whois.tld.ee"
  ],
  "email": [
    "whois.nic.email",
    "whois.donuts.co"
  ],
  "emerck": [
    "whois.afilias-srs.net"
  ],
  "energy": [
    "whois.nic.energy",
    "whois.donuts.co"
  ],
  "eng.br": [
    "whois.nic.br"
  ],
  "engineer": [
    "whois.nic.engineer"
  ],
  "engineering": [
    "whois.donuts.co",
    "whois.nic.engineering"
  ],
  "enterprises": [
    "whois.nic.enterprises",
    "whois.donuts.co"
  ],
  "epson": [],
  "equipment": [
    "whois.donuts.co",
    "whois.nic.equipment"
  ],
  "ernet.in": [],
  "es": [
    "whois.nic.es"
  ],
  "esp.br": [
    "whois.nic.br"
  ],
  "esq": [
    "whois.nic.google",
    "domain-registry-whois.l.google.com"
  ],
  "estate": [
    "whois.nic.estate",
    "whois.donuts.co"
  ],
  "etc.br": [
    "whois.nic.br"
  ],
  "eti.br": [
    "whois.nic.br"
  ],
  "eu": [
    "whois.eu"
  ],
  "eu.com": [
    "whois.centralnic.com"
  ],
  "eu.lv": [
    "whois.biz"
  ],
  "eurovision": [
    "whois.nic.eurovision"
  ],
  "eus": [
    "whois.nic.eus"
  ],
  "events": [
    "whois.nic.events",
    "whois.donuts.co"
  ],
  "exchange": [
    "whois.donuts.co",
    "whois.nic.exchange"
  ],
  "expert": [
    "whois.nic.expert",
    "whois.donuts.co"
  ],
  "exposed": [
    "whois.nic.exposed",
    "whois.donuts.co"
  ],
  "fail": [
    "whois.donuts.co",
    "whois.nic.fail"
  ],
  "fans": [
    "whois.nic.fans"
  ],
  "farm": [
    "whois.nic.farm",
    "whois.donuts.co"
  ],
  "fashion": [
    "whois.nic.fashion"
  ],
  "feedback": [
    "whois.centralnic.com",
    "whois.nic.feedback"
  ],
  "fi": [
    "whois.fi",
    "whois.ficora.fi"
  ],
  "fin.ec": [],
  "finance": [
    "whois.nic.finance",
    "whois.donuts.co"
  ],
  "financial": [
    "whois.nic.financial",
    "whois.donuts.co"
  ],
  "firm.ro": [
    "whois.rotld.ro"
  ],
  "firmdale": [
    "whois.nic.firmdale"
  ],
  "fish": [
    "whois.nic.fish",
    "whois.donuts.co"
  ],
  "fishing": [
    "whois.nic.fishing"
  ],
  "fit": [
    "whois.nic.fit"
  ],
  "fitness": [
    "whois.nic.fitness",
    "whois.donuts.co"
  ],
  "flights": [
    "whois.donuts.co",
    "whois.nic.flights"
  ],
  "florist": [
    "whois.nic.florist",
    "whois.donuts.co"
  ],
  "flowers": [
    "whois.uniregistry.net"
  ],
  "flsmidth": [
    "whois.ksregistry.net"
  ],
  "fly": [
    "whois.nic.google",
    "domain-registry-whois.l.google.com"
  ],
  "fm": [
    "whois.nic.fm"
  ],
  "fm.br": [
    "whois.nic.br"
  ],
  "fo": [
    "whois.nic.fo"
  ],
  "foo": [
    "whois.nic.google",
    "domain-registry-whois.l.google.com"
  ],
  "football": [
    "whois.nic.football",
    "whois.donuts.co"
  ],
  "forsale": [
    "whois.nic.forsale"
  ],
  "fot.br": [
    "whois.nic.br"
  ],
  "foundation": [
    "whois.nic.foundation",
    "whois.donuts.co"
  ],
  "fr": [
    "whois.nic.fr"
  ],
  "frl": [
    "whois.nic.frl"
  ],
  "frogans": [
    "whois.nic.frogans"
  ],
  "fst.br": [
    "whois.nic.br"
  ],
  "fund": [
    "whois.nic.fund",
    "whois.donuts.co"
  ],
  "furniture": [
    "whois.nic.furniture",
    "whois.donuts.co"
  ],
  "futbol": [
    "whois.nic.futbol"
  ],
  "g12.br": [
    "whois.nic.br"
  ],
  "gal": [
    "whois.nic.gal"
  ],
  "gallery": [
    "whois.donuts.co",
    "whois.nic.gallery"
  ],
  "garden": [
    "whois.nic.garden"
  ],
  "gb.com": [
    "whois.centralnic.com"
  ],
  "gb.net": [
    "whois.centralnic.com"
  ],
  "gbiz": [
    "whois.nic.google",
    "domain-registry-whois.l.google.com"
  ],
  "gd": [
    "whois.nic.gd"
  ],
  "gd.cn": [
    "whois.cnnic.net.cn"
  ],
  "gdn": [
    "whois.nic.gdn"
  ],
  "geek.nz": [
    "whois.srs.net.nz"
  ],
  "gen.nz": [
    "whois.srs.net.nz"
  ],
  "gent": [
    "whois.nic.gent"
  ],
  "gf": [],
  "gg": [
    "whois.gg"
  ],
  "ggee": [
    "whois.nic.ggee"
  ],
  "gi": [
    "whois2.afilias-grs.net",
    "whois.afilias-grs.info"
  ],
  "gift": [
    "whois.uniregistry.net"
  ],
  "gifts": [
    "whois.donuts.co",
    "whois.nic.gifts"
  ],
  "gives": [
    "whois.nic.gives"
  ],
  "gl": [
    "whois.nic.gl"
  ],
  "glass": [
    "whois.nic.glass",
    "whois.donuts.co"
  ],
  "gle": [
    "whois.nic.google",
    "domain-registry-whois.l.google.com"
  ],
  "global": [
    "whois.nic.global"
  ],
  "globo": [
    "whois.gtlds.nic.br"
  ],
  "gmail": [
    "whois.nic.google",
    "domain-registry-whois.l.google.com"
  ],
  "gmina.pl": [
    "whois.dns.pl"
  ],
  "gmx": [
    "whois-fe1.gmx.tango.knipp.de"
  ],
  "go.id": [],
  "go.jp": [
    "whois.nic.ad.jp"
  ],
  "go.kr": [
    "whois.nic.or.kr"
  ],
  "go.th": [
    "whois.thnic.net"
  ],
  "gob.gt": [],
  "gob.mx": [],
  "goldpoint": [
    "whois.nic.goldpoint"
  ],
  "goo": [
    "whois.nic.gmo"
  ],
  "goog": [
    "whois.nic.google",
    "domain-registry-whois.l.google.com"
  ],
  "google": [
    "whois.nic.google",
    "domain-registry-whois.l.google.com"
  ],
  "gop": [
    "whois.nic.gop"
  ],
  "gov": [
    "whois.nic.gov",
    "whois.dotgov.gov"
  ],
  "gov.br": [
    "whois.nic.br"
  ],
  "gov.cn": [
    "whois.cnnic.net.cn"
  ],
  "gov.ec": [],
  "gov.gr": [],
  "gov.il": [
    "whois.isoc.org.il"
  ],
  "gov.in": [],
  "gov.mm": [],
  "gov.mx": [],
  "gov.my": [],
  "gov.sg": [
    "whois.nic.net.sg"
  ],
  "gov.tr": [
    "whois.metu.edu.tr"
  ],
  "gov.za": [
    "whois.gov.za",
    "whois.co.za"
  ],
  "gq": [
    "whois.dominio.gq"
  ],
  "gr": [],
  "graphics": [
    "whois.donuts.co",
    "whois.nic.graphics"
  ],
  "gratis": [
    "whois.nic.gratis",
    "whois.donuts.co"
  ],
  "green": [
    "whois.afilias.net"
  ],
  "gripe": [
    "whois.nic.gripe",
    "whois.donuts.co"
  ],
  "gs": [
    "whois.nic.gs"
  ],
  "gs.cn": [
    "whois.cnnic.net.cn"
  ],
  "gsm.pl": [
    "whois.dns.pl"
  ],
  "guide": [
    "whois.nic.guide",
    "whois.donuts.co"
  ],
  "guitars": [
    "whois.uniregistry.net"
  ],
  "guru": [
    "whois.nic.guru",
    "whois.donuts.co"
  ],
  "gv.ac": [
    "whois.nic.ac"
  ],
  "gv.at": [
    "whois.nic.at"
  ],
  "gx.cn": [
    "whois.cnnic.net.cn"
  ],
  "gy": [
    "whois.registry.gy"
  ],
  "gz.cn": [
    "whois.cnnic.net.cn"
  ],
  "hamburg": [
    "whois.nic.hamburg"
  ],
  "hangout": [
    "whois.nic.google",
    "domain-registry-whois.l.google.com"
  ],
  "haus": [],
  "hb.cn": [
    "whois.cnnic.net.cn"
  ],
  "he.cn": [
    "whois.cnnic.net.cn"
  ],
  "healthcare": [
    "whois.donuts.co",
    "whois.nic.healthcare"
  ],
  "help": [
    "whois.uniregistry.net"
  ],
  "here": [
    "whois.nic.google",
    "domain-registry-whois.l.google.com"
  ],
  "hi.cn": [
    "whois.cnnic.net.cn"
  ],
  "hiphop": [
    "whois.uniregistry.net"
  ],
  "hiv": [
    "whois.afilias-srs.net",
    "whois.uniregistry.net"
  ],
  "hk": [
    "whois.hkirc.hk"
  ],
  "hk.cn": [
    "whois.cnnic.net.cn"
  ],
  "hl.cn": [
    "whois.cnnic.net.cn"
  ],
  "hn": [],
  "hn.cn": [
    "whois.cnnic.net.cn"
  ],
  "holdings": [
    "whois.nic.holdings",
    "whois.donuts.co"
  ],
  "holiday": [
    "whois.donuts.co",
    "whois.nic.holiday"
  ],
  "horse": [
    "whois.nic.horse"
  ],
  "host": [
    "whois.nic.host"
  ],
  "hosting": [
    "whois.uniregistry.net"
  ],
  "house": [
    "whois.nic.house",
    "whois.donuts.co"
  ],
  "how": [
    "whois.nic.google",
    "domain-registry-whois.l.google.com"
  ],
  "hr": [
    "whois.dns.hr"
  ],
  "ht": [
    "whois.nic.ht"
  ],
  "hu": [
    "whois.nic.hu"
  ],
  "hu.com": [
    "whois.centralnic.com"
  ],
  "ibm": [
    "whois.nic.ibm"
  ],
  "id": [
    "whois.id",
    "whois.pandi.or.id"
  ],
  "id.au": [
    "whois.aunic.net"
  ],
  "ie": [
    "whois.iedr.ie",
    "whois.domainregistry.ie"
  ],
  "ifm": [
    "whois.nic.ifm"
  ],
  "il": [
    "whois.isoc.org.il"
  ],
  "im": [
    "whois.nic.im"
  ],
  "immo": [
    "whois.nic.immo",
    "whois.donuts.co"
  ],
  "immobilien": [
    "whois.nic.immobilien"
  ],
  "in": [
    "whois.registry.in"
  ],
  "in.rs": [
    "whois.rnids.rs"
  ],
  "in.th": [
    "whois.thnic.net"
  ],
  "ind.br": [
    "whois.nic.br"
  ],
  "ind.gt": [],
  "industries": [
    "whois.nic.industries",
    "whois.donuts.co"
  ],
  "inf.br": [
    "whois.nic.br"
  ],
  "infiniti": [
    "whois.nic.gmo"
  ],
  "info": [
    "whois.afilias.net"
  ],
  "info.pl": [
    "whois.dns.pl"
  ],
  "info.ro": [
    "whois.rotld.ro"
  ],
  "info.ve": [],
  "ing": [
    "whois.nic.google",
    "domain-registry-whois.l.google.com"
  ],
  "ink": [
    "whois.nic.ink",
    "whois.donuts.co"
  ],
  "institute": [
    "whois.donuts.co",
    "whois.nic.institute"
  ],
  "insure": [
    "whois.nic.insure",
    "whois.donuts.co"
  ],
  "int": [
    "whois.iana.org"
  ],
  "international": [
    "whois.nic.international",
    "whois.donuts.co"
  ],
  "investments": [
    "whois.nic.investments",
    "whois.donuts.co"
  ],
  "io": [
    "whois.nic.io"
  ],
  "iq": [
    "whois.cmc.iq"
  ],
  "ir": [
    "whois.nic.ir"
  ],
  "is": [
    "whois.isnic.is"
  ],
  "it": [
    "whois.nic.it"
  ],
  "iwi.nz": [
    "whois.srs.net.nz"
  ],
  "java": [
    "whois.nic.java"
  ],
  "jcb": [
    "whois.nic.gmo"
  ],
  "je": [
    "whois.je"
  ],
  "jl.cn": [
    "whois.cnnic.net.cn"
  ],
  "jobs": [
    "whois.nic.jobs"
  ],
  "joburg": [
    "joburg-whois.registry.net.za"
  ],
  "jor.br": [
    "whois.nic.br"
  ],
  "jp": [
    "whois.jprs.jp"
  ],
  "js.cn": [
    "whois.cnnic.net.cn"
  ],
  "juegos": [
    "whois.uniregistry.net"
  ],
  "k12.il": [
    "whois.isoc.org.il"
  ],
  "k12.tr": [
    "whois.metu.edu.tr"
  ],
  "kaufen": [
    "whois.nic.kaufen"
  ],
  "kddi": [
    "whois.nic.kddi"
  ],
  "ke": [],
  "kg": [
    "whois.kg",
    "whois.domain.kg"
  ],
  "kh.ua": [
    "whois.net.ua"
  ],
  "ki": [],
  "kiev.ua": [
    "whois.net.ua"
  ],
  "kim": [
    "whois.afilias.net"
  ],
  "kitchen": [
    "whois.nic.kitchen",
    "whois.donuts.co"
  ],
  "kiwi": [
    "whois.nic.kiwi"
  ],
  "kiwi.nz": [
    "whois.srs.net.nz"
  ],
  "koeln": [
    "whois.ryce-rsp.com"
  ],
  "kr": [
    "whois.kr"
  ],
  "krd": [],
  "ky": [
    "whois.kyregistry.ky"
  ],
  "kyoto": [
    "whois.nic.kyoto"
  ],
  "kz": [
    "whois.nic.kz"
  ],
  "la": [
    "whois.nic.la"
  ],
  "lacaixa": [
    "whois.nic.lacaixa"
  ],
  "land": [
    "whois.nic.land",
    "whois.donuts.co"
  ],
  "lat": [
    "whois.nic.lat"
  ],
  "latrobe": [
    "whois.nic.latrobe"
  ],
  "lawyer": [
    "whois.nic.lawyer"
  ],
  "lc": [
    "whois2.afilias-grs.net",
    "whois.afilias-grs.info"
  ],
  "lease": [
    "whois.nic.lease",
    "whois.donuts.co"
  ],
  "leclerc": [
    "whois-leclerc.nic.fr"
  ],
  "legal": [
    "whois.nic.legal",
    "whois.donuts.co"
  ],
  "lel.br": [
    "whois.nic.br"
  ],
  "lg.ua": [
    "whois.net.ua"
  ],
  "lgbt": [
    "whois.afilias.net"
  ],
  "li": [
    "whois.nic.li"
  ],
  "life": [
    "whois.nic.life",
    "whois.donuts.co"
  ],
  "lighting": [
    "whois.nic.lighting",
    "whois.donuts.co"
  ],
  "limited": [
    "whois.nic.limited",
    "whois.donuts.co"
  ],
  "limo": [
    "whois.nic.limo",
    "whois.donuts.co"
  ],
  "link": [
    "whois.uniregistry.net"
  ],
  "ln.cn": [
    "whois.cnnic.net.cn"
  ],
  "loans": [
    "whois.nic.loans",
    "whois.donuts.co"
  ],
  "london": [
    "whois.nic.london"
  ],
  "lotte": [
    "whois.nic.lotte"
  ],
  "lt": [
    "whois.domreg.lt"
  ],
  "ltd.uk": [
    "whois.nic.uk"
  ],
  "ltda": [
    "whois.afilias-srs.net"
  ],
  "lu": [
    "whois.dns.lu"
  ],
  "luxe": [
    "whois.nic.luxe"
  ],
  "luxury": [
    "whois.nic.luxury",
    "whois.donuts.co"
  ],
  "lv": [
    "whois.nic.lv"
  ],
  "lviv.ua": [
    "whois.net.ua"
  ],
  "ly": [
    "whois.nic.ly"
  ],
  "ma": [
    "whois.iam.net.ma",
    "whois.registre.ma"
  ],
  "madrid": [
    "whois.madrid.rs.corenic.net"
  ],
  "mail.pl": [
    "whois.dns.pl"
  ],
  "maison": [
    "whois.nic.maison",
    "whois.donuts.co"
  ],
  "management": [
    "whois.donuts.co",
    "whois.nic.management"
  ],
  "mango": [
    "whois.nic.mango"
  ],
  "maori.nz": [
    "whois.srs.net.nz"
  ],
  "market": [
    "whois.nic.market"
  ],
  "marketing": [
    "whois.nic.marketing",
    "whois.donuts.co"
  ],
  "md": [
    "whois.nic.md"
  ],
  "me": [
    "whois.nic.me"
  ],
  "me.uk": [
    "whois.nic.uk"
  ],
  "med.br": [
    "whois.nic.br"
  ],
  "med.ec": [],
  "media": [
    "whois.nic.media",
    "whois.donuts.co"
  ],
  "media.pl": [
    "whois.dns.pl"
  ],
  "melbourne": [],
  "meme": [
    "whois.nic.google",
    "domain-registry-whois.l.google.com"
  ],
  "memorial": [
    "whois.nic.memorial",
    "whois.donuts.co"
  ],
  "menu": [
    "whois.nic.menu"
  ],
  "mg": [
    "whois.nic.mg"
  ],
  "mi.th": [
    "whois.thnic.net"
  ],
  "miami": [
    "whois.nic.miami"
  ],
  "miasta.pl": [
    "whois.dns.pl"
  ],
  "mil": [
    "whois.internic.net"
  ],
  "mil.br": [
    "whois.nic.br"
  ],
  "mil.ec": [],
  "mil.gt": [],
  "mil.id": [],
  "mil.pl": [
    "whois.dns.pl"
  ],
  "mil.tr": [
    "whois.metu.edu.tr"
  ],
  "mil.za": [
    "whois.co.za"
  ],
  "mini": [
    "whois.ksregistry.net"
  ],
  "mk": [
    "whois.marnet.mk"
  ],
  "ml": [
    "whois.dot.ml"
  ],
  "mn": [
    "whois.afilias-grs.info",
    "whois.nic.mn"
  ],
  "mo": [
    "whois.monic.mo"
  ],
  "mo.cn": [
    "whois.cnnic.net.cn"
  ],
  "mobi": [
    "whois.afilias.net",
    "whois.dotmobiregistry.net"
  ],
  "moda": [
    "whois.nic.moda"
  ],
  "monash": [
    "whois.nic.monash"
  ],
  "money": [
    "whois.donuts.co",
    "whois.nic.money"
  ],
  "mortgage": [
    "whois.nic.mortgage"
  ],
  "moscow": [
    "whois.nic.moscow"
  ],
  "mov": [
    "whois.nic.google",
    "domain-registry-whois.l.google.com"
  ],
  "ms": [
    "whois.nic.ms"
  ],
  "msk.ru": [
    "whois.nic.ru"
  ],
  "mtpc": [
    "whois.nic.gmo"
  ],
  "mu": [
    "whois.nic.mu"
  ],
  "muni.il": [
    "whois.isoc.org.il"
  ],
  "museum": [
    "whois.museum",
    "whois.nic.museum"
  ],
  "mx": [
    "whois.mx"
  ],
  "my": [],
  "mz": [
    "whois.nic.mz"
  ],
  "na": [
    "whois.na-nic.com.na"
  ],
  "name": [
    "whois.nic.name"
  ],
  "navy": [
    "whois.nic.navy"
  ],
  "nc": [
    "whois.nc"
  ],
  "ne.jp": [
    "whois.nic.ad.jp"
  ],
  "ne.kr": [
    "whois.nic.or.kr"
  ],
  "net": [
    "whois.crsnic.net",
    "whois.verisign-grs.com"
  ],
  "net.au": [
    "whois.aunic.net"
  ],
  "net.br": [
    "whois.nic.br"
  ],
  "net.cn": [
    "whois.cnnic.net.cn"
  ],
  "net.co": [
    "whois.nic.co"
  ],
  "net.ec": [],
  "net.gr": [],
  "net.gt": [],
  "net.hk": [
    "whois.hkdnr.net.hk"
  ],
  "net.il": [
    "whois.isoc.org.il"
  ],
  "net.in": [],
  "net.mm": [],
  "net.mx": [],
  "net.my": [],
  "net.nz": [
    "whois.srs.net.nz"
  ],
  "net.ph": [],
  "net.pl": [
    "whois.dns.pl"
  ],
  "net.ru": [
    "whois.ripn.net"
  ],
  "net.sg": [
    "whois.nic.net.sg"
  ],
  "net.th": [
    "whois.thnic.net"
  ],
  "net.tr": [
    "whois.metu.edu.tr"
  ],
  "net.tw": [
    "whois.twnic.net"
  ],
  "net.ua": [
    "whois.net.ua"
  ],
  "net.uk": [
    "whois.nic.uk"
  ],
  "net.ve": [],
  "net.za": [
    "net-whois.registry.net.za",
    "whois.co.za"
  ],
  "network": [
    "whois.nic.network",
    "whois.donuts.co"
  ],
  "new": [
    "whois.nic.google",
    "domain-registry-whois.l.google.com"
  ],
  "nexus": [
    "whois.nic.google",
    "domain-registry-whois.l.google.com"
  ],
  "nf": [
    "whois.nic.nf"
  ],
  "ng": [
    "whois.nic.net.ng"
  ],
  "ngo": [
    "whois.publicinterestregistry.net"
  ],
  "ngo.ph": [],
  "ngo.za": [
    "whois.co.za"
  ],
  "nico": [
    "whois.nic.nico"
  ],
  "ninja": [
    "whois.donuts.co",
    "whois.nic.ninja"
  ],
  "nissan": [
    "whois.nic.gmo"
  ],
  "nl": [
    "whois.domain-registry.nl"
  ],
  "nm.cn": [
    "whois.cnnic.net.cn"
  ],
  "nm.kr": [
    "whois.nic.or.kr"
  ],
  "no": [
    "whois.norid.no"
  ],
  "no.com": [
    "whois.centralnic.com"
  ],
  "nom.br": [
    "whois.nic.br"
  ],
  "nom.co": [
    "whois.nic.co"
  ],
  "nom.pl": [
    "whois.dns.pl"
  ],
  "nom.ro": [
    "whois.rotld.ro"
  ],
  "nom.za": [
    "whois.co.za"
  ],
  "nra": [
    "whois.afilias-srs.net"
  ],
  "nrw": [
    "whois.nic.nrw"
  ],
  "nt.ro": [
    "whois.rotld.ro"
  ],
  "ntr.br": [
    "whois.nic.br"
  ],
  "nu": [
    "whois.nic.nu",
    "whois.iis.nu"
  ],
  "nx.cn": [
    "whois.cnnic.net.cn"
  ],
  "nz": [
    "whois.srs.net.nz"
  ],
  "odo.br": [
    "whois.nic.br"
  ],
  "om": [
    "whois.registry.om"
  ],
  "one": [
    "whois.nic.one"
  ],
  "ong": [
    "whois.publicinterestregistry.net"
  ],
  "onl": [
    "whois.afilias-srs.net"
  ],
  "ooo": [
    "whois.nic.ooo"
  ],
  "or.ac": [
    "whois.nic.ac"
  ],
  "or.at": [
    "whois.nic.at"
  ],
  "or.jp": [
    "whois.nic.ad.jp"
  ],
  "or.kr": [
    "whois.nic.or.kr"
  ],
  "or.th": [
    "whois.thnic.net"
  ],
  "org": [
    "whois.publicinterestregistry.net",
    "whois.pir.org"
  ],
  "org.au": [
    "whois.aunic.net"
  ],
  "org.br": [
    "whois.nic.br"
  ],
  "org.cn": [
    "whois.cnnic.net.cn"
  ],
  "org.ec": [],
  "org.gr": [],
  "org.gt": [],
  "org.hk": [
    "whois.hkdnr.net.hk"
  ],
  "org.il": [
    "whois.isoc.org.il"
  ],
  "org.in": [],
  "org.mm": [],
  "org.mx": [],
  "org.my": [],
  "org.nz": [
    "whois.srs.net.nz"
  ],
  "org.ph": [],
  "org.pl": [
    "whois.dns.pl"
  ],
  "org.ro": [
    "whois.rotld.ro"
  ],
  "org.rs": [
    "whois.rnids.rs"
  ],
  "org.ru": [
    "whois.nic.ru"
  ],
  "org.sg": [
    "whois.nic.net.sg"
  ],
  "org.tr": [
    "whois.metu.edu.tr"
  ],
  "org.tw": [
    "whois.twnic.net"
  ],
  "org.ua": [
    "whois.net.ua"
  ],
  "org.uk": [
    "whois.nic.uk"
  ],
  "org.ve": [],
  "org.za": [
    "org-whois.registry.net.za"
  ],
  "organic": [
    "whois.afilias.net"
  ],
  "ovh": [
    "whois-ovh.nic.fr"
  ],
  "paris": [
    "whois-paris.nic.fr"
  ],
  "partners": [
    "whois.donuts.co",
    "whois.nic.partners"
  ],
  "parts": [
    "whois.nic.parts",
    "whois.donuts.co"
  ],
  "pc.pl": [
    "whois.dns.pl"
  ],
  "pe": [
    "kero.yachay.pe"
  ],
  "pf": [
    "whois.registry.pf"
  ],
  "ph": [],
  "photo": [
    "whois.uniregistry.net"
  ],
  "photography": [
    "whois.nic.photography",
    "whois.donuts.co"
  ],
  "photos": [
    "whois.nic.photos",
    "whois.donuts.co"
  ],
  "physio": [
    "whois.nic.physio"
  ],
  "pics": [
    "whois.uniregistry.net"
  ],
  "pictures": [
    "whois.nic.pictures",
    "whois.donuts.co"
  ],
  "pink": [
    "whois.afilias.net",
    "whois.donuts.co"
  ],
  "pizza": [
    "whois.nic.pizza",
    "whois.donuts.co"
  ],
  "pl": [
    "whois.dns.pl"
  ],
  "place": [
    "whois.nic.place"
  ],
  "plc.uk": [
    "whois.nic.uk"
  ],
  "plumbing": [
    "whois.donuts.co",
    "whois.nic.plumbing"
  ],
  "pm": [
    "whois.nic.pm"
  ],
  "pohl": [
    "whois.ksregistry.net"
  ],
  "poker": [
    "whois.afilias.net"
  ],
  "porn": [
    "whois.afilias-srs.net"
  ],
  "post": [
    "whois.dotpostregistry.net"
  ],
  "pp.ru": [
    "whois.nic.ru"
  ],
  "ppg.br": [],
  "pr": [
    "whois.afilias-srs.net",
    "whois.nic.pr"
  ],
  "press": [
    "whois.nic.press"
  ],
  "presse.fr": [
    "whois.nic.fr"
  ],
  "priv.pl": [
    "whois.dns.pl"
  ],
  "pro": [
    "whois.registrypro.pro",
    "whois.afilias.net"
  ],
  "pro.br": [
    "whois.nic.br"
  ],
  "prod": [
    "whois.nic.google",
    "domain-registry-whois.l.google.com"
  ],
  "productions": [
    "whois.nic.productions",
    "whois.donuts.co"
  ],
  "prof": [
    "whois.nic.google",
    "domain-registry-whois.l.google.com"
  ],
  "properties": [
    "whois.nic.properties",
    "whois.donuts.co"
  ],
  "property": [
    "whois.uniregistry.net"
  ],
  "psc.br": [
    "whois.nic.br"
  ],
  "psi.br": [
    "whois.nic.br"
  ],
  "pt": [],
  "pub": [
    "whois.nic.pub"
  ],
  "pw": [
    "whois.nic.pw"
  ],
  "qa": [
    "whois.registry.qa"
  ],
  "qc.com": [
    "whois.centralnic.com"
  ],
  "qh.cn": [
    "whois.cnnic.net.cn"
  ],
  "quebec": [
    "whois.nic.quebec"
  ],
  "re": [
    "whois.nic.re"
  ],
  "re.kr": [
    "whois.nic.or.kr"
  ],
  "realestate.pl": [
    "whois.dns.pl"
  ],
  "rec.br": [
    "whois.nic.br"
  ],
  "rec.ro": [
    "whois.rotld.ro"
  ],
  "recipes": [
    "whois.nic.recipes",
    "whois.donuts.co"
  ],
  "red": [
    "whois.afilias.net"
  ],
  "rehab": [
    "whois.nic.rehab"
  ],
  "reise": [
    "whois.nic.reise"
  ],
  "reisen": [
    "whois.nic.reisen",
    "whois.donuts.co"
  ],
  "reit": [
    "whois.nic.reit"
  ],
  "rel.pl": [
    "whois.dns.pl"
  ],
  "rentals": [
    "whois.nic.rentals",
    "whois.donuts.co"
  ],
  "repair": [
    "whois.nic.repair",
    "whois.donuts.co"
  ],
  "report": [
    "whois.donuts.co",
    "whois.nic.report"
  ],
  "republican": [
    "whois.nic.republican"
  ],
  "res.in": [],
  "rest": [
    "whois.centralnic.com",
    "whois.nic.rest"
  ],
  "restaurant": [
    "whois.donuts.co",
    "whois.nic.restaurant"
  ],
  "reviews": [
    "whois.nic.reviews"
  ],
  "rich": [
    "whois.afilias-srs.net"
  ],
  "rio": [
    "whois.gtlds.nic.br"
  ],
  "rip": [
    "whois.nic.rip"
  ],
  "ro": [
    "whois.rotld.ro"
  ],
  "rocks": [
    "whois.nic.rocks"
  ],
  "rodeo": [
    "whois.nic.rodeo"
  ],
  "rs": [
    "whois.rnids.rs"
  ],
  "rsvp": [
    "whois.nic.google",
    "domain-registry-whois.l.google.com"
  ],
  "ru": [
    "whois.ripn.net",
    "whois.tcinet.ru"
  ],
  "ruhr": [
    "whois.nic.ruhr"
  ],
  "sa": [
    "whois.nic.net.sa"
  ],
  "sa.com": [
    "whois.centralnic.com"
  ],
  "saarland": [
    "whois.ksregistry.net"
  ],
  "sale": [
    "whois.nic.sale"
  ],
  "samsung": [
    "whois.nic.samsung",
    "whois.nic.xn--cg4bki"
  ],
  "sarl": [
    "whois.nic.sarl",
    "whois.donuts.co"
  ],
  "saxo": [],
  "sb": [
    "whois.nic.net.sb"
  ],
  "sc": [
    "whois.afilias-grs.info"
  ],
  "sc.cn": [
    "whois.cnnic.net.cn"
  ],
  "sca": [
    "whois.nic.sca"
  ],
  "scb": [
    "whois.nic.scb"
  ],
  "schmidt": [
    "whois.nic.schmidt"
  ],
  "school": [
    "whois.nic.school",
    "whois.donuts.co"
  ],
  "school.nz": [
    "whois.srs.net.nz"
  ],
  "school.za": [
    "whois.co.za"
  ],
  "schule": [
    "whois.donuts.co",
    "whois.nic.schule"
  ],
  "scot": [
    "whois.nic.scot"
  ],
  "se": [
    "whois.iis.se"
  ],
  "se.com": [
    "whois.centralnic.com"
  ],
  "se.net": [
    "whois.centralnic.com"
  ],
  "services": [
    "whois.nic.services",
    "whois.donuts.co"
  ],
  "sexy": [
    "whois.uniregistry.net"
  ],
  "sg": [
    "whois.nic.net.sg",
    "whois.sgnic.sg"
  ],
  "sh": [
    "whois.nic.sh"
  ],
  "sh.cn": [
    "whois.cnnic.net.cn"
  ],
  "shiksha": [
    "whois.afilias.net"
  ],
  "shoes": [
    "whois.donuts.co",
    "whois.nic.shoes"
  ],
  "shop.pl": [
    "whois.dns.pl"
  ],
  "si": [
    "whois.register.si",
    "whois.arnes.si"
  ],
  "singles": [
    "whois.nic.singles",
    "whois.donuts.co"
  ],
  "sk": [
    "whois.sk-nic.sk"
  ],
  "sklep.pl": [
    "whois.dns.pl"
  ],
  "sky": [
    "whois.nic.sky"
  ],
  "slg.br": [
    "whois.nic.br"
  ],
  "sm": [
    "whois.nic.sm"
  ],
  "sn": [
    "whois.nic.sn"
  ],
  "sn.cn": [
    "whois.cnnic.net.cn"
  ],
  "so": [
    "whois.nic.so"
  ],
  "sochi.su": [
    "whois.nic.ru"
  ],
  "social": [
    "whois.nic.social"
  ],
  "software": [
    "whois.nic.software"
  ],
  "solar": [
    "whois.donuts.co"
  ],
  "solutions": [
    "whois.nic.solutions",
    "whois.donuts.co"
  ],
  "sos.pl": [
    "whois.dns.pl"
  ],
  "soy": [
    "whois.nic.google",
    "domain-registry-whois.l.google.com"
  ],
  "space": [
    "whois.nic.space"
  ],
  "spb.ru": [
    "whois.nic.ru"
  ],
  "spiegel": [
    "whois.ksregistry.net"
  ],
  "st": [
    "whois.nic.st"
  ],
  "store.ro": [
    "whois.rotld.ro"
  ],
  "study": [
    "whois.nic.study"
  ],
  "style": [
    "whois.nic.style",
    "whois.donuts.co"
  ],
  "su": [
    "whois.ripn.net",
    "whois.tcinet.ru"
  ],
  "sucks": [
    "whois.nic.sucks"
  ],
  "supplies": [
    "whois.donuts.co",
    "whois.nic.supplies"
  ],
  "supply": [
    "whois.nic.supply",
    "whois.donuts.co"
  ],
  "support": [
    "whois.donuts.co",
    "whois.nic.support"
  ],
  "surf": [
    "whois.nic.surf"
  ],
  "surgery": [
    "whois.nic.surgery",
    "whois.donuts.co"
  ],
  "sx": [
    "whois.sx"
  ],
  "sy": [
    "whois.tld.sy"
  ],
  "sydney": [
    "whois.nic.sydney"
  ],
  "systems": [
    "whois.nic.systems",
    "whois.donuts.co"
  ],
  "taipei": [
    "whois.nic.taipei"
  ],
  "targi.pl": [
    "whois.dns.pl"
  ],
  "tatar": [
    "whois.nic.tatar"
  ],
  "tattoo": [
    "whois.uniregistry.net"
  ],
  "tax": [
    "whois.nic.tax",
    "whois.donuts.co"
  ],
  "tc": [
    "whois.nic.tc"
  ],
  "technology": [
    "whois.donuts.co",
    "whois.nic.technology"
  ],
  "tel": [
    "whois.nic.tel"
  ],
  "tennis": [
    "whois.nic.tennis",
    "whois.donuts.co"
  ],
  "tf": [
    "whois.nic.fr",
    "whois.nic.tf"
  ],
  "th": [
    "whois.thnic.co.th"
  ],
  "tienda": [
    "whois.donuts.co",
    "whois.nic.tienda"
  ],
  "tips": [
    "whois.nic.tips",
    "whois.donuts.co"
  ],
  "tires": [
    "whois.nic.tires",
    "whois.donuts.co"
  ],
  "tirol": [
    "whois.nic.tirol"
  ],
  "tj": [],
  "tj.cn": [
    "whois.cnnic.net.cn"
  ],
  "tk": [
    "whois.dot.tk"
  ],
  "tl": [
    "whois.nic.tl"
  ],
  "tm": [
    "whois.nic.tm"
  ],
  "tm.fr": [
    "whois.nic.fr"
  ],
  "tm.mc": [
    "whois.ripe.net"
  ],
  "tm.pl": [
    "whois.dns.pl"
  ],
  "tm.ro": [
    "whois.rotld.ro"
  ],
  "tm.za": [
    "whois.co.za"
  ],
  "tmp.br": [
    "whois.nic.br"
  ],
  "tn": [
    "whois.ati.tn"
  ],
  "to": [
    "whois.tonic.to",
    "monarch.tonic.to"
  ],
  "today": [
    "whois.nic.today",
    "whois.donuts.co"
  ],
  "tools": [
    "whois.donuts.co",
    "whois.nic.tools"
  ],
  "top": [
    "whois.nic.top"
  ],
  "toshiba": [
    "whois.nic.toshiba"
  ],
  "tourism.pl": [
    "whois.dns.pl"
  ],
  "town": [
    "whois.donuts.co",
    "whois.nic.town"
  ],
  "toys": [
    "whois.nic.toys",
    "whois.donuts.co"
  ],
  "training": [
    "whois.nic.training",
    "whois.donuts.co"
  ],
  "travel": [
    "whois.nic.travel"
  ],
  "travel.pl": [
    "whois.dns.pl"
  ],
  "trust": [
    "whois.nic.trust"
  ],
  "tt": [],
  "tui": [
    "whois.ksregistry.net"
  ],
  "tur.br": [
    "whois.nic.br"
  ],
  "turystyka.pl": [
    "whois.dns.pl"
  ],
  "tv": [
    "whois.nic.tv",
    "tvwhois.verisign-grs.com"
  ],
  "tv.br": [
    "whois.nic.br"
  ],
  "tw": [
    "whois.twnic.net.tw"
  ],
  "tw.cn": [
    "whois.cnnic.net.cn"
  ],
  "tz": [
    "whois.tznic.or.tz"
  ],
  "ua": [
    "whois.ua",
    "whois.net.ua"
  ],
  "ug": [
    "whois.co.ug"
  ],
  "uk": [
    "whois.nic.uk"
  ],
  "uk.co": [],
  "uk.com": [
    "whois.centralnic.com"
  ],
  "uk.net": [
    "whois.centralnic.com"
  ],
  "university": [
    "whois.nic.university",
    "whois.donuts.co"
  ],
  "uno": [],
  "uol": [
    "whois.gtlds.nic.br"
  ],
  "us": [
    "whois.nic.us"
  ],
  "us.com": [
    "whois.centralnic.com"
  ],
  "uy": [
    "whois.nic.org.uy"
  ],
  "uy.com": [
    "whois.centralnic.com"
  ],
  "uz": [
    "whois.cctld.uz"
  ],
  "vacations": [
    "whois.nic.vacations",
    "whois.donuts.co"
  ],
  "vc": [
    "whois.afilias-grs.info"
  ],
  "ve": [],
  "vegas": [
    "whois.afilias-srs.net"
  ],
  "ventures": [
    "whois.nic.ventures",
    "whois.donuts.co"
  ],
  "versicherung": [
    "whois.nic.versicherung"
  ],
  "vet": [
    "whois.nic.vet"
  ],
  "vet.br": [
    "whois.nic.br"
  ],
  "vg": [
    "whois.nic.vg"
  ],
  "viajes": [
    "whois.nic.viajes",
    "whois.donuts.co"
  ],
  "video": [
    "whois.nic.video"
  ],
  "villas": [
    "whois.nic.villas",
    "whois.donuts.co"
  ],
  "vision": [
    "whois.nic.vision",
    "whois.donuts.co"
  ],
  "vlaanderen": [
    "whois.nic.vlaanderen"
  ],
  "vodka": [
    "whois.nic.vodka"
  ],
  "vote": [
    "whois.afilias.net"
  ],
  "voting": [
    "whois.voting.tld-box.at"
  ],
  "voto": [
    "whois.afilias.net"
  ],
  "voyage": [
    "whois.nic.voyage",
    "whois.donuts.co"
  ],
  "vu": [],
  "wales": [
    "whois.nic.wales"
  ],
  "wang": [
    "whois.gtld.knet.cn"
  ],
  "watch": [
    "whois.nic.watch",
    "whois.donuts.co"
  ],
  "web.ve": [],
  "web.za": [
    "whois.co.za"
  ],
  "website": [
    "whois.nic.website"
  ],
  "wed": [
    "whois.nic.wed"
  ],
  "wedding": [
    "whois.nic.wedding"
  ],
  "wf": [
    "whois.nic.wf"
  ],
  "whoswho": [
    "whois.nic.whoswho"
  ],
  "wien": [
    "whois.nic.wien"
  ],
  "wiki": [
    "whois.nic.wiki"
  ],
  "wme": [
    "whois.nic.wme"
  ],
  "work": [
    "whois.nic.work"
  ],
  "works": [
    "whois.donuts.co"
  ],
  "world": [
    "whois.nic.world",
    "whois.donuts.co"
  ],
  "ws": [
    "whois.website.ws"
  ],
  "wtc": [
    "whois.nic.wtc"
  ],
  "wtf": [
    "whois.donuts.co",
    "whois.nic.wtf"
  ],
  "www.ro": [
    "whois.rotld.ro"
  ],
  "xj.cn": [
    "whois.cnnic.net.cn"
  ],
  "xn--1qqw23a": [
    "whois.ngtld.cn"
  ],
  "xn--3bst00m": [
    "whois.gtld.knet.cn"
  ],
  "xn--3ds443g": [
    "whois.afilias-srs.net",
    "whois.teleinfo.cn"
  ],
  "xn--3e0b707e": [
    "whois.kr"
  ],
  "xn--45q11c": [
    "whois.nic.xn--45q11c"
  ],
  "xn--4gbrim": [
    "whois.afilias-srs.net"
  ],
  "xn--55qw42g": [
    "whois.conac.cn"
  ],
  "xn--55qx5d": [
    "whois.ngtld.cn"
  ],
  "xn--6frz82g": [
    "whois.afilias.net"
  ],
  "xn--6qq986b3xl": [
    "whois.gtld.knet.cn"
  ],
  "xn--80adxhks": [
    "whois.nic.xn--80adxhks"
  ],
  "xn--80ao21a": [
    "whois.nic.kz"
  ],
  "xn--80asehdb": [
    "whois.online.rs.corenic.net"
  ],
  "xn--80aswg": [
    "whois.online.rs.corenic.net",
    "whois.site.rs.corenic.net"
  ],
  "xn--c1avg": [
    "whois.publicinterestregistry.net"
  ],
  "xn--clchc0ea0b2g2a9gcd": [
    "whois.sgnic.sg"
  ],
  "xn--czrs0t": [
    "whois.nic.xn--czrs0t",
    "whois.donuts.co"
  ],
  "xn--czru2d": [
    "whois.gtld.knet.cn"
  ],
  "xn--d1acj3b": [
    "whois.nic.xn--d1acj3b"
  ],
  "xn--d1alf": [
    "whois.marnet.mk"
  ],
  "xn--fiq228c5hs": [
    "whois.afilias-srs.net",
    "whois.teleinfo.cn"
  ],
  "xn--fiq64b": [
    "whois.gtld.knet.cn"
  ],
  "xn--fiqs8s": [
    "cwhois.cnnic.cn"
  ],
  "xn--fiqz9s": [
    "cwhois.cnnic.cn"
  ],
  "xn--flw351e": [
    "whois.nic.google",
    "domain-registry-whois.l.google.com"
  ],
  "xn--hxt814e": [
    "whois.nic.xn--hxt814e"
  ],
  "xn--i1b6b1a6a2e": [
    "whois.publicinterestregistry.net"
  ],
  "xn--io0a7i": [
    "whois.ngtld.cn"
  ],
  "xn--j1amh": [
    "whois.dotukr.com"
  ],
  "xn--j6w193g": [
    "whois.hkirc.hk"
  ],
  "xn--kput3i": [
    "whois.afilias-srs.net",
    "whois.nic.xn--kput3i"
  ],
  "xn--lgbbat1ad8j": [
    "whois.nic.dz"
  ],
  "xn--mgb9awbf": [
    "whois.registry.om"
  ],
  "xn--mgba3a4f16a": [
    "whois.nic.ir"
  ],
  "xn--mgbaam7a8h": [
    "whois.aeda.net.ae"
  ],
  "xn--mgberp4a5d4ar": [
    "whois.nic.net.sa"
  ],
  "xn--mgbx4cd0ab": [],
  "xn--mxtq1m": [
    "whois.nic.xn--mxtq1m"
  ],
  "xn--ngbc5azd": [
    "whois.nic.xn--ngbc5azd"
  ],
  "xn--nqv7f": [
    "whois.publicinterestregistry.net"
  ],
  "xn--o3cw4h": [
    "whois.thnic.co.th"
  ],
  "xn--ogbpf8fl": [
    "whois.tld.sy"
  ],
  "xn--p1acf": [
    "whois.nic.xn--p1acf"
  ],
  "xn--p1ai": [
    "whois.ripn.net",
    "whois.tcinet.ru"
  ],
  "xn--q9jyb4c": [
    "whois.nic.google",
    "domain-registry-whois.l.google.com"
  ],
  "xn--qcka1pmc": [
    "whois.nic.google",
    "domain-registry-whois.l.google.com"
  ],
  "xn--unup4y": [
    "whois.nic.xn--unup4y",
    "whois.donuts.co"
  ],
  "xn--vermgensberater-ctb": [
    "whois.ksregistry.net"
  ],
  "xn--vermgensberatung-pwb": [
    "whois.ksregistry.net"
  ],
  "xn--vhquv": [
    "whois.nic.xn--vhquv",
    "whois.donuts.co"
  ],
  "xn--wgbl6a": [
    "whois.registry.qa"
  ],
  "xn--xhq521b": [
    "whois.teleinfo.cn",
    "whois.ngtld.cn"
  ],
  "xn--yfro4i67o": [
    "whois.sgnic.sg"
  ],
  "xn--ygbi2ammx": [
    "whois.pnina.ps"
  ],
  "xn--zfr164b": [
    "whois.conac.cn"
  ],
  "xxx": [
    "whois.nic.xxx"
  ],
  "xyz": [
    "whois.nic.xyz"
  ],
  "xz.cn": [
    "whois.cnnic.net.cn"
  ],
  "yn.cn": [
    "whois.cnnic.net.cn"
  ],
  "yodobashi": [
    "whois.nic.gmo"
  ],
  "yoga": [
    "whois.nic.yoga"
  ],
  "youtube": [
    "whois.nic.google",
    "domain-registry-whois.l.google.com"
  ],
  "yt": [
    "whois.nic.yt"
  ],
  "za.com": [
    "whois.centralnic.com"
  ],
  "za.net": [],
  "za.org": [],
  "zip": [
    "domain-registry-whois.l.google.com"
  ],
  "zj.cn": [
    "whois.cnnic.net.cn"
  ],
  "zlg.br": [
    "whois.nic.br"
  ],
  "zm": [
    "whois.nic.zm"
  ],
  "zone": [
    "whois.donuts.co"
  ],
  "zuerich": [],
  "aarp": [
    "whois.nic.aarp"
  ],
  "abarth": [
    "whois.afilias-srs.net"
  ],
  "abbott": [
    "whois.afilias-srs.net"
  ],
  "abbvie": [
    "whois.afilias-srs.net"
  ],
  "abc": [
    "whois.nic.abc"
  ],
  "abudhabi": [
    "whois.nic.abudhabi"
  ],
  "accountant": [
    "whois.nic.accountant"
  ],
  "aco": [
    "whois.afilias-srs.net"
  ],
  "ads": [
    "whois.nic.google"
  ],
  "aeg": [
    "whois.nic.aeg"
  ],
  "afamilycompany": [
    "whois.nic.afamilycompany"
  ],
  "afl": [
    "whois.nic.afl"
  ],
  "africa": [
    "africa-whois.registry.net.za"
  ],
  "agakhan": [
    "whois.afilias-srs.net"
  ],
  "ai": [
    "whois.nic.ai"
  ],
  "aigo": [
    "whois.afilias-srs.net"
  ],
  "airbus": [
    "whois.nic.airbus"
  ],
  "airtel": [
    "whois.nic.airtel"
  ],
  "akdn": [
    "whois.afilias-srs.net"
  ],
  "alfaromeo": [
    "whois.afilias-srs.net"
  ],
  "alibaba": [
    "whois.nic.alibaba"
  ],
  "alipay": [
    "whois.nic.alipay"
  ],
  "allstate": [
    "whois.afilias-srs.net"
  ],
  "ally": [
    "whois.nic.ally"
  ],
  "alstom": [
    "whois.nic.alstom"
  ],
  "americanfamily": [
    "whois.nic.americanfamily"
  ],
  "amfam": [
    "whois.nic.amfam"
  ],
  "amsterdam": [
    "whois.nic.amsterdam"
  ],
  "anquan": [
    "whois.teleinfo.cn"
  ],
  "anz": [
    "whois.nic.anz"
  ],
  "aol": [
    "whois.nic.aol"
  ],
  "app": [
    "whois.nic.google"
  ],
  "apple": [
    "whois.afilias-srs.net"
  ],
  "ar": [
    "whois.nic.ar"
  ],
  "arpa": [
    "whois.iana.org"
  ],
  "e164.arpa": [
    "whois.ripe.net"
  ],
  "art": [
    "whois.nic.art"
  ],
  "arte": [
    "whois.nic.arte"
  ],
  "asda": [
    "whois.nic.asda"
  ],
  "priv.at": [
    "whois.nic.priv.at"
  ],
  "audi": [
    "whois.afilias-srs.net"
  ],
  "auspost": [
    "whois.nic.auspost"
  ],
  "auto": [
    "whois.uniregistry.net"
  ],
  "autos": [
    "whois.afilias.net"
  ],
  "avianca": [
    "whois.afilias-srs.net"
  ],
  "baidu": [
    "whois.gtld.knet.cn"
  ],
  "barcelona": [
    "whois.nic.barcelona"
  ],
  "barefoot": [
    "whois.nic.barefoot"
  ],
  "basketball": [
    "whois.nic.basketball"
  ],
  "bauhaus": [
    "whois.nic.bauhaus"
  ],
  "bbc": [
    "whois.nic.bbc"
  ],
  "bbt": [
    "whois.nic.bbt"
  ],
  "bbva": [
    "whois.nic.bbva"
  ],
  "bcg": [
    "whois.nic.bcg"
  ],
  "bcn": [
    "whois.nic.bcn"
  ],
  "beats": [
    "whois.afilias-srs.net"
  ],
  "beauty": [
    "whois.nic.beauty"
  ],
  "bentley": [
    "whois.nic.bentley"
  ],
  "bestbuy": [
    "whois.nic.bestbuy"
  ],
  "bet": [
    "whois.afilias.net"
  ],
  "bible": [
    "whois.nic.bible"
  ],
  "bid": [
    "whois.nic.bid"
  ],
  "blockbuster": [
    "whois.nic.blockbuster"
  ],
  "blog": [
    "whois.nic.blog"
  ],
  "bms": [
    "whois.nic.bms"
  ],
  "bn": [
    "whois.bnnic.bn"
  ],
  "bnl": [
    "whois.nic.bnl"
  ],
  "bo": [
    "whois.nic.bo"
  ],
  "boats": [
    "whois.afilias-srs.net"
  ],
  "boehringer": [
    "whois.afilias-srs.net"
  ],
  "bofa": [
    "whois.nic.bofa"
  ],
  "bom": [
    "whois.gtlds.nic.br"
  ],
  "bond": [
    "whois.nic.bond"
  ],
  "bosch": [
    "whois.nic.bosch"
  ],
  "bostik": [
    "whois-bostik.nic.fr"
  ],
  "boston": [
    "whois.nic.boston"
  ],
  "box": [],
  "bradesco": [
    "whois.nic.bradesco"
  ],
  "bridgestone": [
    "whois.nic.bridgestone"
  ],
  "broadway": [
    "whois.nic.broadway"
  ],
  "broker": [
    "whois.nic.broker"
  ],
  "brother": [
    "whois.nic.brother"
  ],
  "bugatti": [
    "whois.afilias-srs.net"
  ],
  "buy": [
    "whois.afilias-srs.net"
  ],
  "buzz": [
    "whois.nic.buzz"
  ],
  "za.bz": [
    "whois.centralnic.com"
  ],
  "co.ca": [
    "whois.co.ca"
  ],
  "cafe": [
    "whois.nic.cafe"
  ],
  "cam": [
    "whois.ksregistry.net"
  ],
  "capitalone": [
    "whois.nic.capitalone"
  ],
  "car": [
    "whois.uniregistry.net"
  ],
  "cars": [],
  "case": [
    "whois.nic.case"
  ],
  "caseih": [
    "whois.nic.caseih"
  ],
  "catholic": [],
  "cba": [
    "whois.nic.cba"
  ],
  "cbs": [
    "whois.afilias-srs.net"
  ],
  "ceb": [
    "whois.afilias-srs.net"
  ],
  "cfa": [
    "whois.nic.cfa"
  ],
  "cfd": [
    "whois.nic.cfd"
  ],
  "chanel": [
    "whois.nic.chanel"
  ],
  "charity": [
    "whois.nic.charity"
  ],
  "chintai": [
    "whois.nic.chintai"
  ],
  "chrysler": [
    "whois.afilias-srs.net"
  ],
  "cipriani": [
    "whois.afilias-srs.net"
  ],
  "cityeats": [
    "whois.nic.cityeats"
  ],
  "clinique": [
    "whois.nic.clinique"
  ],
  "cloud": [
    "whois.nic.cloud"
  ],
  "clubmed": [
    "whois.nic.clubmed"
  ],
  "cm": [
    "whois.netcom.cm"
  ],
  "africa.com": [
    "whois.centralnic.com"
  ],
  "ar.com": [
    "whois.centralnic.com"
  ],
  "co.com": [
    "whois.centralnic.net"
  ],
  "de.com": [
    "whois.centralnic.com"
  ],
  "gr.com": [
    "whois.centralnic.com"
  ],
  "hk.com": [
    "whois.registry.hk.com"
  ],
  "jpn.com": [
    "whois.centralnic.com"
  ],
  "kr.com": [
    "whois.centralnic.com"
  ],
  "ru.com": [
    "whois.centralnic.com"
  ],
  "comcast": [
    "whois.nic.comcast"
  ],
  "commbank": [
    "whois.nic.commbank"
  ],
  "compare": [
    "whois.nic.compare"
  ],
  "comsec": [
    "whois.nic.comsec"
  ],
  "contact": [
    "whois.nic.contact"
  ],
  "cookingchannel": [
    "whois.nic.cookingchannel"
  ],
  "corsica": [
    "whois-corsica.nic.fr"
  ],
  "coupons": [
    "whois.nic.coupons"
  ],
  "cr": [
    "whois.nic.cr"
  ],
  "creditunion": [
    "whois.afilias-srs.net"
  ],
  "cruise": [
    "whois.nic.cruise"
  ],
  "csc": [
    "whois.nic.csc"
  ],
  "cyou": [
    "whois.nic.cyou"
  ],
  "dabur": [
    "whois.afilias-srs.net"
  ],
  "data": [
    "whois.nic.data"
  ],
  "date": [
    "whois.nic.date"
  ],
  "dds": [
    "whois.nic.dds"
  ],
  "deloitte": [
    "whois.nic.deloitte"
  ],
  "delta": [
    "whois.nic.delta"
  ],
  "dish": [
    "whois.nic.dish"
  ],
  "diy": [],
  "doctor": [
    "whois.nic.doctor"
  ],
  "dodge": [
    "whois.afilias-srs.net"
  ],
  "dog": [
    "whois.nic.dog"
  ],
  "doha": [
    "whois.nic.doha"
  ],
  "dot": [
    "whois.nic.dot"
  ],
  "download": [
    "whois.nic.download"
  ],
  "drive": [
    "whois.nic.google"
  ],
  "dtv": [
    "whois.nic.dtv"
  ],
  "dubai": [
    "whois.nic.dubai"
  ],
  "duck": [
    "whois.nic.duck"
  ],
  "dunlop": [
    "whois.nic.dunlop"
  ],
  "dvr": [
    "whois.afilias-srs.net"
  ],
  "eco": [
    "whois.afilias-srs.net"
  ],
  "edeka": [
    "whois.afilias-srs.net"
  ],
  "ericsson": [
    "whois.nic.ericsson"
  ],
  "erni": [
    "whois.nic.erni"
  ],
  "esurance": [
    "whois.afilias-srs.net"
  ],
  "etisalat": [
    "whois.centralnic.com"
  ],
  "everbank": [
    "whois.nic.everbank"
  ],
  "express": [
    "whois.nic.express"
  ],
  "extraspace": [
    "whois.afilias-srs.net"
  ],
  "fage": [
    "whois.afilias-srs.net"
  ],
  "fairwinds": [],
  "faith": [
    "whois.nic.faith"
  ],
  "family": [
    "whois.nic.family"
  ],
  "fan": [
    "whois.nic.fan"
  ],
  "fedex": [
    "whois.nic.fedex"
  ],
  "ferrari": [
    "whois.nic.ferrari"
  ],
  "fiat": [
    "whois.afilias-srs.net"
  ],
  "fidelity": [
    "whois.nic.fidelity"
  ],
  "fido": [
    "whois.afilias-srs.net"
  ],
  "film": [
    "whois.nic.film"
  ],
  "final": [
    "whois.gtlds.nic.br"
  ],
  "firestone": [
    "whois.nic.firestone"
  ],
  "fj": [
    "whois.usp.ac.fj"
  ],
  "foodnetwork": [
    "whois.nic.foodnetwork"
  ],
  "forex": [
    "whois.nic.forex"
  ],
  "forum": [
    "whois.nic.forum"
  ],
  "aeroport.fr": [
    "whois.smallregistry.net"
  ],
  "avocat.fr": [
    "whois.smallregistry.net"
  ],
  "chambagri.fr": [
    "whois.smallregistry.net"
  ],
  "chirurgiens-dentistes.fr": [
    "whois.smallregistry.net"
  ],
  "experts-comptables.fr": [
    "whois.smallregistry.net"
  ],
  "geometre-expert.fr": [
    "whois.smallregistry.net"
  ],
  "medecin.fr": [
    "whois.smallregistry.net"
  ],
  "notaires.fr": [
    "whois.smallregistry.net"
  ],
  "pharmacien.fr": [
    "whois.smallregistry.net"
  ],
  "port.fr": [
    "whois.smallregistry.net"
  ],
  "veterinaire.fr": [
    "whois.smallregistry.net"
  ],
  "fresenius": [
    "whois.ksregistry.net"
  ],
  "frontdoor": [
    "whois.nic.frontdoor"
  ],
  "fujitsu": [
    "whois.nic.gmo"
  ],
  "fujixerox": [
    "whois.nic.fujixerox"
  ],
  "fun": [
    "whois.nic.fun"
  ],
  "fyi": [
    "whois.nic.fyi"
  ],
  "ga": [
    "whois.dot.ga"
  ],
  "gallo": [
    "whois.nic.gallo"
  ],
  "gallup": [
    "whois.nic.gallup"
  ],
  "game": [
    "whois.uniregistry.net"
  ],
  "games": [
    "whois.nic.games"
  ],
  "ge": [
    "whois.registration.ge"
  ],
  "gea": [
    "whois.afilias-srs.net"
  ],
  "genting": [
    "whois.nic.genting"
  ],
  "george": [
    "whois.nic.george"
  ],
  "giving": [
    "whois.nic.giving"
  ],
  "glade": [
    "whois.nic.glade"
  ],
  "gmbh": [
    "whois.nic.gmbh"
  ],
  "godaddy": [
    "whois.afilias-srs.net"
  ],
  "gold": [
    "whois.nic.gold"
  ],
  "golf": [
    "whois.nic.golf"
  ],
  "goodyear": [
    "whois.nic.goodyear"
  ],
  "group": [
    "whois.nic.group"
  ],
  "guge": [
    "whois.nic.google"
  ],
  "hdfc": [
    "whois.nic.hdfc"
  ],
  "hdfcbank": [
    "whois.nic.hdfcbank"
  ],
  "helsinki": [
    "whois.nic.helsinki"
  ],
  "hermes": [
    "whois.afilias-srs.net"
  ],
  "hgtv": [
    "whois.nic.hgtv"
  ],
  "hisamitsu": [
    "whois.nic.gmo"
  ],
  "hitachi": [
    "whois.nic.gmo"
  ],
  "inc.hk": [
    "whois.registry.hk.com"
  ],
  "ltd.hk": [
    "whois.registry.hk.com"
  ],
  "hkt": [
    "whois.nic.hkt"
  ],
  "hm": [],
  "hockey": [
    "whois.nic.hockey"
  ],
  "homedepot": [
    "whois.nic.homedepot"
  ],
  "homes": [
    "whois.afilias-srs.net"
  ],
  "honda": [
    "whois.nic.honda"
  ],
  "hospital": [
    "whois.nic.hospital"
  ],
  "hughes": [
    "whois.nic.hughes"
  ],
  "hyundai": [
    "whois.nic.hyundai"
  ],
  "icbc": [
    "whois.nic.icbc"
  ],
  "ice": [
    "whois.nic.ice"
  ],
  "icu": [
    "whois.nic.icu"
  ],
  "ikano": [
    "whois.ikano.tld-box.at"
  ],
  "imamat": [
    "whois.afilias-srs.net"
  ],
  "inc": [
    "whois.nic.inc"
  ],
  "insurance": [
    "whois.nic.insurance"
  ],
  "irish": [
    "whois.nic.irish"
  ],
  "iselect": [
    "whois.nic.iselect"
  ],
  "ismaili": [
    "whois.afilias-srs.net"
  ],
  "ist": [
    "whois.afilias-srs.net"
  ],
  "istanbul": [
    "whois.afilias-srs.net"
  ],
  "itv": [
    "whois.afilias-srs.net"
  ],
  "iveco": [
    "whois.nic.iveco"
  ],
  "jaguar": [
    "whois.nic.jaguar"
  ],
  "jcp": [
    "whois.afilias-srs.net"
  ],
  "jeep": [
    "whois.afilias-srs.net"
  ],
  "jetzt": [
    "whois.nic.jetzt"
  ],
  "jewelry": [
    "whois.nic.jewelry"
  ],
  "jio": [
    "whois.nic.jio"
  ],
  "jll": [
    "whois.afilias-srs.net"
  ],
  "juniper": [
    "whois.nic.juniper"
  ],
  "kerryhotels": [
    "whois.nic.kerryhotels"
  ],
  "kerrylogistics": [
    "whois.nic.kerrylogistics"
  ],
  "kerryproperties": [
    "whois.nic.kerryproperties"
  ],
  "kfh": [
    "whois.nic.kfh"
  ],
  "kia": [
    "whois.nic.kia"
  ],
  "kn": [
    "whois.nic.kn"
  ],
  "komatsu": [
    "whois.nic.komatsu"
  ],
  "kosher": [
    "whois.nic.kosher"
  ],
  "kuokgroup": [
    "whois.nic.kuokgroup"
  ],
  "ladbrokes": [
    "whois.nic.ladbrokes"
  ],
  "lamborghini": [
    "whois.afilias-srs.net"
  ],
  "lamer": [
    "whois.nic.lamer"
  ],
  "lancaster": [
    "whois-lancaster.nic.fr"
  ],
  "lancia": [
    "whois.afilias-srs.net"
  ],
  "lancome": [
    "whois.nic.lancome"
  ],
  "landrover": [
    "whois.nic.landrover"
  ],
  "lasalle": [
    "whois.afilias-srs.net"
  ],
  "latino": [
    "whois.nic.latino"
  ],
  "law": [
    "whois.nic.law"
  ],
  "lds": [
    "whois.nic.lds"
  ],
  "lefrak": [
    "whois.nic.lefrak"
  ],
  "lego": [
    "whois.nic.lego"
  ],
  "lexus": [
    "whois.nic.lexus"
  ],
  "liaison": [
    "whois.nic.liaison"
  ],
  "lidl": [
    "whois.nic.lidl"
  ],
  "lifestyle": [
    "whois.nic.lifestyle"
  ],
  "linde": [
    "whois.nic.linde"
  ],
  "lipsy": [
    "whois.nic.lipsy"
  ],
  "live": [
    "whois.nic.live"
  ],
  "lixil": [
    "whois.nic.lixil"
  ],
  "lk": [
    "whois.nic.lk"
  ],
  "llc": [
    "whois.afilias.net"
  ],
  "loan": [
    "whois.nic.loan"
  ],
  "locker": [
    "whois.nic.locker"
  ],
  "locus": [
    "whois.nic.locus"
  ],
  "lol": [
    "whois.uniregistry.net"
  ],
  "lotto": [
    "whois.afilias.net"
  ],
  "love": [
    "whois.nic.love"
  ],
  "lpl": [
    "whois.nic.lpl"
  ],
  "lplfinancial": [
    "whois.nic.lplfinancial"
  ],
  "ltd": [
    "whois.nic.ltd"
  ],
  "lundbeck": [
    "whois.nic.lundbeck"
  ],
  "macys": [
    "whois.nic.macys"
  ],
  "makeup": [
    "whois.nic.makeup"
  ],
  "man": [
    "whois.nic.man"
  ],
  "map": [
    "whois.nic.google"
  ],
  "markets": [
    "whois.nic.markets"
  ],
  "marriott": [
    "whois.afilias-srs.net"
  ],
  "maserati": [
    "whois.nic.maserati"
  ],
  "mba": [
    "whois.nic.mba"
  ],
  "mckinsey": [
    "whois.nic.mckinsey"
  ],
  "med": [
    "whois.nic.med"
  ],
  "meet": [
    "whois.nic.google"
  ],
  "men": [
    "whois.nic.men"
  ],
  "metlife": [
    "whois.nic.metlife"
  ],
  "mit": [
    "whois.afilias-srs.net"
  ],
  "mitsubishi": [
    "whois.nic.gmo"
  ],
  "mls": [
    "whois.nic.mls"
  ],
  "mma": [
    "whois-mma.nic.fr"
  ],
  "mobile": [
    "whois.nic.mobile"
  ],
  "moe": [
    "whois.nic.moe"
  ],
  "mom": [
    "whois.uniregistry.net"
  ],
  "monster": [
    "whois.nic.monster"
  ],
  "mopar": [
    "whois.afilias-srs.net"
  ],
  "mormon": [
    "whois.nic.mormon"
  ],
  "motorcycles": [
    "whois.afilias-srs.net"
  ],
  "movie": [
    "whois.nic.movie"
  ],
  "movistar": [
    "whois-fe.movistar.tango.knipp.de"
  ],
  "mq": [],
  "mr": [],
  "mtn": [
    "whois.nic.mtn"
  ],
  "mtr": [
    "whois.nic.mtr"
  ],
  "mw": [
    "whois.nic.mw"
  ],
  "nab": [
    "whois.nic.nab"
  ],
  "nadex": [
    "whois.nic.nadex"
  ],
  "nagoya": [
    "whois.nic.nagoya"
  ],
  "nationwide": [
    "whois.nic.nationwide"
  ],
  "natura": [
    "whois.afilias-srs.net"
  ],
  "nec": [
    "whois.nic.nec"
  ],
  "hu.net": [
    "whois.centralnic.com"
  ],
  "in.net": [
    "whois.centralnic.com"
  ],
  "jp.net": [
    "whois.centralnic.com"
  ],
  "netbank": [
    "whois.nic.netbank"
  ],
  "newholland": [
    "whois.nic.newholland"
  ],
  "news": [
    "whois.nic.news"
  ],
  "next": [
    "whois.nic.next"
  ],
  "nextdirect": [
    "whois.nic.nextdirect"
  ],
  "nikon": [
    "whois.nic.nikon"
  ],
  "nissay": [
    "whois.nic.nissay"
  ],
  "nokia": [
    "whois.afilias-srs.net"
  ],
  "norton": [
    "whois.nic.norton"
  ],
  "nowruz": [],
  "nowtv": [
    "whois.nic.nowtv"
  ],
  "nyc": [
    "whois.nic.nyc"
  ],
  "obi": [
    "whois.nic.obi"
  ],
  "observer": [
    "whois.nic.observer"
  ],
  "off": [
    "whois.nic.off"
  ],
  "okinawa": [
    "whois.nic.okinawa"
  ],
  "olayan": [
    "whois.nic.olayan"
  ],
  "olayangroup": [
    "whois.nic.olayangroup"
  ],
  "ollo": [
    "whois.nic.ollo"
  ],
  "omega": [
    "whois.nic.omega"
  ],
  "online": [
    "whois.nic.online"
  ],
  "onyourside": [
    "whois.nic.onyourside"
  ],
  "oracle": [
    "whois.nic.oracle"
  ],
  "orange": [
    "whois.nic.orange"
  ],
  "ae.org": [
    "whois.centralnic.com"
  ],
  "eu.org": [
    "whois.eu.org"
  ],
  "hk.org": [
    "whois.registry.hk.com"
  ],
  "us.org": [
    "whois.centralnic.com"
  ],
  "orientexpress": [
    "whois.afilias-srs.net"
  ],
  "origin": [
    "whois.afilias-srs.net"
  ],
  "origins": [
    "whois.nic.origins"
  ],
  "osaka": [
    "whois.nic.osaka"
  ],
  "ott": [
    "whois.nic.ott"
  ],
  "page": [
    "whois.nic.google"
  ],
  "panasonic": [
    "whois.nic.gmo"
  ],
  "pars": [
    "whois.agitsys.net"
  ],
  "party": [
    "whois.nic.party"
  ],
  "pccw": [
    "whois.nic.pccw"
  ],
  "pet": [
    "whois.afilias.net"
  ],
  "phd": [
    "whois.nic.google"
  ],
  "philips": [
    "whois.nic.philips"
  ],
  "phone": [
    "whois.nic.phone"
  ],
  "pid": [
    "whois.nic.pid"
  ],
  "pioneer": [
    "whois.nic.gmo"
  ],
  "co.pl": [
    "whois.co.pl"
  ],
  "play": [
    "whois.nic.google"
  ],
  "playstation": [
    "whois.nic.playstation"
  ],
  "plus": [
    "whois.nic.plus"
  ],
  "pnc": [
    "whois.nic.pnc"
  ],
  "politie": [],
  "progressive": [
    "whois.afilias-srs.net"
  ],
  "promo": [
    "whois.afilias.net"
  ],
  "protection": [
    "whois.centralnic.com"
  ],
  "ps": [
    "whois.pnina.ps"
  ],
  "pwc": [
    "whois.afilias-srs.net"
  ],
  "quest": [
    "whois.nic.quest"
  ],
  "racing": [
    "whois.nic.racing"
  ],
  "radio": [
    "whois.nic.radio"
  ],
  "raid": [
    "whois.nic.raid"
  ],
  "realestate": [
    "whois.nic.realestate"
  ],
  "realty": [
    "whois.nic.realty"
  ],
  "redstone": [
    "whois.nic.redstone"
  ],
  "redumbrella": [
    "whois.afilias-srs.net"
  ],
  "reliance": [
    "whois.nic.reliance"
  ],
  "rent": [
    "whois.nic.rent"
  ],
  "review": [
    "whois.nic.review"
  ],
  "rexroth": [
    "whois.nic.rexroth"
  ],
  "richardli": [
    "whois.nic.richardli"
  ],
  "ricoh": [
    "whois.nic.ricoh"
  ],
  "rightathome": [
    "whois.nic.rightathome"
  ],
  "ril": [
    "whois.nic.ril"
  ],
  "rmit": [],
  "rogers": [
    "whois.afilias-srs.net"
  ],
  "edu.ru": [
    "whois.informika.ru"
  ],
  "rugby": [
    "whois.centralnic.com"
  ],
  "run": [
    "whois.nic.run"
  ],
  "rw": [
    "whois.ricta.org.rw"
  ],
  "rwe": [
    "whois.nic.rwe"
  ],
  "ryukyu": [
    "whois.nic.ryukyu"
  ],
  "salon": [
    "whois.nic.salon"
  ],
  "samsclub": [
    "whois.nic.samsclub"
  ],
  "sandvik": [
    "whois.nic.sandvik"
  ],
  "sandvikcoromant": [
    "whois.nic.sandvikcoromant"
  ],
  "sanofi": [
    "whois.nic.sanofi"
  ],
  "sap": [
    "whois.nic.sap"
  ],
  "sbi": [
    "whois.nic.sbi"
  ],
  "sbs": [
    "whois.nic.sbs"
  ],
  "schaeffler": [
    "whois.afilias-srs.net"
  ],
  "scholarships": [
    "whois.nic.scholarships"
  ],
  "schwarz": [
    "whois.nic.schwarz"
  ],
  "science": [
    "whois.nic.science"
  ],
  "scjohnson": [
    "whois.nic.scjohnson"
  ],
  "scor": [
    "whois.nic.scor"
  ],
  "com.se": [
    "whois.centralnic.com"
  ],
  "search": [
    "whois.nic.google"
  ],
  "seat": [
    "whois.nic.seat"
  ],
  "security": [
    "whois.nic.security"
  ],
  "seek": [
    "whois.nic.seek"
  ],
  "select": [
    "whois.nic.select"
  ],
  "ses": [
    "whois.nic.ses"
  ],
  "seven": [
    "whois.nic.seven"
  ],
  "sew": [
    "whois.afilias-srs.net"
  ],
  "sex": [
    "whois.afilias-srs.net"
  ],
  "sfr": [
    "whois.nic.sfr"
  ],
  "shangrila": [
    "whois.nic.shangrila"
  ],
  "sharp": [
    "whois.nic.gmo"
  ],
  "shaw": [
    "whois.afilias-srs.net"
  ],
  "shell": [
    "whois.nic.shell"
  ],
  "shia": [
    "whois.agitsys.net"
  ],
  "shop": [
    "whois.nic.shop"
  ],
  "shopping": [
    "whois.nic.shopping"
  ],
  "shouji": [
    "whois.teleinfo.cn"
  ],
  "show": [
    "whois.nic.show"
  ],
  "showtime": [
    "whois.afilias-srs.net"
  ],
  "shriram": [
    "whois.afilias-srs.net"
  ],
  "sina": [
    "whois.nic.sina"
  ],
  "site": [
    "whois.nic.site"
  ],
  "ski": [
    "whois.afilias.net"
  ],
  "skin": [
    "whois.nic.skin"
  ],
  "sl": [
    "whois.nic.sl"
  ],
  "sling": [
    "whois.nic.sling"
  ],
  "smart": [
    "whois.nic.smart"
  ],
  "sncf": [
    "whois-sncf.nic.fr"
  ],
  "soccer": [
    "whois.nic.soccer"
  ],
  "softbank": [
    "whois.nic.softbank"
  ],
  "sony": [
    "whois.nic.sony"
  ],
  "sport": [
    "whois.nic.sport"
  ],
  "spreadbetting": [
    "whois.nic.spreadbetting"
  ],
  "srl": [
    "whois.afilias-srs.net"
  ],
  "srt": [
    "whois.afilias-srs.net"
  ],
  "stada": [
    "whois.afilias-srs.net"
  ],
  "star": [
    "whois.nic.star"
  ],
  "starhub": [
    "whois.nic.starhub"
  ],
  "statebank": [
    "whois.nic.statebank"
  ],
  "stc": [
    "whois.nic.stc"
  ],
  "stcgroup": [
    "whois.nic.stcgroup"
  ],
  "stockholm": [
    "whois.afilias-srs.net"
  ],
  "storage": [
    "whois.nic.storage"
  ],
  "store": [
    "whois.nic.store"
  ],
  "studio": [
    "whois.nic.studio"
  ],
  "swatch": [
    "whois.nic.swatch"
  ],
  "swiss": [
    "whois.nic.swiss"
  ],
  "symantec": [
    "whois.nic.symantec"
  ],
  "tab": [
    "whois.nic.tab"
  ],
  "tatamotors": [
    "whois.nic.tatamotors"
  ],
  "taxi": [
    "whois.nic.taxi"
  ],
  "tci": [],
  "team": [
    "whois.nic.team"
  ],
  "tech": [
    "whois.nic.tech"
  ],
  "telefonica": [
    "whois-fe.telefonica.tango.knipp.de"
  ],
  "temasek": [
    "whois.afilias-srs.net"
  ],
  "teva": [
    "whois.nic.teva"
  ],
  "tg": [
    "whois.nic.tg"
  ],
  "thd": [
    "whois.nic.thd"
  ],
  "theater": [
    "whois.nic.theater"
  ],
  "theatre": [
    "whois.nic.theatre"
  ],
  "tiaa": [
    "whois.nic.tiaa"
  ],
  "tickets": [
    "whois.nic.tickets"
  ],
  "tiffany": [
    "whois.nic.tiffany"
  ],
  "tiia": [],
  "tokyo": [
    "whois.nic.tokyo"
  ],
  "toray": [
    "whois.nic.toray"
  ],
  "total": [
    "whois-total.nic.fr"
  ],
  "tours": [
    "whois.nic.tours"
  ],
  "toyota": [
    "whois.nic.toyota"
  ],
  "tr": [
    "whois.nic.tr"
  ],
  "trade": [
    "whois.nic.trade"
  ],
  "trading": [
    "whois.nic.trading"
  ],
  "travelchannel": [
    "whois.nic.travelchannel"
  ],
  "travelers": [
    "whois.afilias-srs.net"
  ],
  "travelersinsurance": [
    "whois.afilias-srs.net"
  ],
  "trv": [
    "whois.afilias-srs.net"
  ],
  "tvs": [
    "whois.nic.tvs"
  ],
  "in.ua": [
    "whois.in.ua"
  ],
  "ubank": [
    "whois.nic.ubank"
  ],
  "ubs": [
    "whois.nic.ubs"
  ],
  "uconnect": [
    "whois.afilias-srs.net"
  ],
  "gov.uk": [
    "whois.ja.net"
  ],
  "ups": [
    "whois.nic.ups"
  ],
  "vana": [
    "whois.nic.vana"
  ],
  "vanguard": [
    "whois.nic.vanguard"
  ],
  "verisign": [
    "whois.nic.verisign"
  ],
  "vig": [
    "whois.afilias-srs.net"
  ],
  "viking": [
    "whois.afilias-srs.net"
  ],
  "vin": [
    "whois.nic.vin"
  ],
  "vip": [
    "whois.nic.vip"
  ],
  "virgin": [
    "whois.nic.virgin"
  ],
  "visa": [
    "whois.nic.visa"
  ],
  "vistaprint": [
    "whois.nic.vistaprint"
  ],
  "viva": [
    "whois.nic.viva"
  ],
  "volkswagen": [
    "whois.afilias-srs.net"
  ],
  "volvo": [
    "whois.nic.volvo"
  ],
  "walmart": [
    "whois.nic.walmart"
  ],
  "walter": [
    "whois.nic.walter"
  ],
  "warman": [
    "whois.nic.warman"
  ],
  "webcam": [
    "whois.nic.webcam"
  ],
  "weber": [
    "whois.nic.weber"
  ],
  "weibo": [
    "whois.nic.weibo"
  ],
  "win": [
    "whois.nic.win"
  ],
  "wine": [
    "whois.nic.wine"
  ],
  "wolterskluwer": [
    "whois.nic.wolterskluwer"
  ],
  "woodside": [
    "whois.nic.woodside"
  ],
  "xerox": [
    "whois.nic.xerox"
  ],
  "xfinity": [
    "whois.nic.xfinity"
  ],
  "xihuan": [
    "whois.teleinfo.cn"
  ],
  "xin": [
    "whois.nic.xin"
  ],
  "xn--11b4c3d": [
    "whois.nic.xn--11b4c3d"
  ],
  "xn--2scrj9c": [
    "whois.registry.in"
  ],
  "xn--30rr7y": [
    "whois.gtld.knet.cn"
  ],
  "xn--3hcrj9c": [
    "whois.registry.in"
  ],
  "xn--3oq18vl8pn36a": [
    "whois.nic.xn--3oq18vl8pn36a"
  ],
  "xn--3pxu8k": [
    "whois.nic.xn--3pxu8k"
  ],
  "xn--42c2d9a": [
    "whois.nic.xn--42c2d9a"
  ],
  "xn--45br5cyl": [
    "whois.registry.in"
  ],
  "xn--45brj9c": [
    "whois.registry.in"
  ],
  "xn--5su34j936bgsg": [
    "whois.nic.xn--5su34j936bgsg"
  ],
  "xn--5tzm5g": [
    "whois.nic.xn--5tzm5g"
  ],
  "xn--80aqecdr1a": [],
  "xn--8y0a063a": [
    "whois.imena.bg"
  ],
  "xn--90a3ac": [
    "whois.rnids.rs"
  ],
  "xn--90ais": [
    "whois.cctld.by"
  ],
  "xn--9dbq2a": [
    "whois.nic.xn--9dbq2a"
  ],
  "xn--9et52u": [
    "whois.gtld.knet.cn"
  ],
  "xn--9krt00a": [
    "whois.nic.xn--9krt00a"
  ],
  "xn--b4w605ferd": [],
  "xn--c2br7g": [
    "whois.nic.xn--c2br7g"
  ],
  "xn--cg4bki": [
    "whois.kr"
  ],
  "xn--e1a4c": [
    "whois.eu"
  ],
  "xn--efvy88h": [
    "whois.nic.xn--efvy88h"
  ],
  "xn--estv75g": [
    "whois.nic.xn--estv75g"
  ],
  "xn--fhbei": [
    "whois.nic.xn--fhbei"
  ],
  "xn--fjq720a": [
    "whois.nic.xn--fjq720a"
  ],
  "xn--fpcrj9c3d": [
    "whois.registry.in"
  ],
  "xn--fzc2c9e2c": [
    "whois.nic.lk"
  ],
  "xn--fzys8d69uvgm": [
    "whois.nic.xn--fzys8d69uvgm"
  ],
  "xn--g2xx48c": [
    "whois.afilias-srs.net"
  ],
  "xn--gecrj9c": [
    "whois.registry.in"
  ],
  "xn--h2breg3eve": [
    "whois.registry.in"
  ],
  "xn--h2brj9c": [
    "whois.registry.in"
  ],
  "xn--h2brj9c8c": [
    "whois.registry.in"
  ],
  "xn--j1aef": [
    "whois.nic.xn--j1aef"
  ],
  "xn--jlq61u9w7b": [
    "whois.nic.xn--jlq61u9w7b"
  ],
  "xn--kcrx77d1x4a": [
    "whois.nic.xn--kcrx77d1x4a"
  ],
  "xn--kprw13d": [
    "whois.twnic.net.tw"
  ],
  "xn--kpry57d": [
    "whois.twnic.net.tw"
  ],
  "xn--mgba7c0bbn0a": [
    "whois.nic.xn--mgba7c0bbn0a"
  ],
  "xn--mgbaakc7dvf": [
    "whois.centralnic.com"
  ],
  "xn--mgbab2bd": [
    "whois.nic.xn--mgbab2bd"
  ],
  "xn--mgbah1a3hjkrd": [],
  "xn--mgbbh1a": [
    "whois.registry.in"
  ],
  "xn--mgbbh1a71e": [
    "whois.registry.in"
  ],
  "xn--mgbca7dzdo": [
    "whois.afilias-srs.net"
  ],
  "xn--mgbgu82a": [
    "whois.registry.in"
  ],
  "xn--mgbi4ecexp": [],
  "xn--mgbt3dhd": [
    "whois.agitsys.net"
  ],
  "xn--mgbtx2b": [
    "whois.cmc.iq"
  ],
  "xn--mix891f": [
    "whois.monic.mo"
  ],
  "xn--mk1bu44c": [
    "whois.nic.xn--mk1bu44c"
  ],
  "xn--ngbe9e0a": [
    "whois.nic.xn--ngbe9e0a"
  ],
  "xn--node": [
    "whois.itdc.ge"
  ],
  "xn--nqv7fs00ema": [
    "whois.nic.xn--nqv7fs00ema"
  ],
  "xn--pssy2u": [
    "whois.nic.xn--pssy2u"
  ],
  "xn--rvc1e0am3e": [
    "whois.registry.in"
  ],
  "xn--s9brj9c": [
    "whois.registry.in"
  ],
  "xn--ses554g": [],
  "xn--t60b56a": [
    "whois.nic.xn--t60b56a"
  ],
  "xn--tckwe": [
    "whois.nic.xn--tckwe"
  ],
  "xn--tiq49xqyj": [],
  "xn--vuq861b": [
    "whois.teleinfo.cn"
  ],
  "xn--w4r85el8fhu5dnra": [
    "whois.nic.xn--w4r85el8fhu5dnra"
  ],
  "xn--w4rs40l": [
    "whois.nic.xn--w4rs40l"
  ],
  "xn--wgbh1c": [],
  "xn--xkc2al3hye2a": [
    "whois.nic.lk"
  ],
  "xn--xkc2dl3a5ee0h": [
    "whois.registry.in"
  ],
  "xn--y9a3aq": [
    "whois.amnic.net"
  ],
  "yachts": [
    "whois.afilias-srs.net"
  ],
  "yokohama": [
    "whois.nic.yokohama"
  ],
  "yun": [
    "whois.teleinfo.cn"
  ],
  "zara": [
    "whois.afilias-srs.net"
  ]
}